customer_id,first_order_date,last_order_date,cnt_orders,sum_sales
AA-10315,2020-06-29,2020-06-29,1,374.48
AA-10375,2020-09-07,2020-12-11,2,206.732
AA-10480,2020-04-15,2020-04-15,1,15.552
AA-10645,2020-11-05,2020-11-05,1,12.96
AB-10060,2020-05-07,2020-11-06,4,2936.264
AB-10105,2020-05-18,2020-11-19,5,2291.044
AB-10150,2020-09-04,2020-11-19,2,230.656
AB-10165,2020-03-30,2020-12-05,4,416.272
AB-10255,2020-06-02,2020-07-17,3,738.674
AB-10600,2020-11-10,2020-11-10,1,1475.054
AC-10420,2020-05-12,2020-05-12,1,162.16
AC-10450,2020-10-03,2020-12-19,2,3459.6
AC-10615,2020-02-23,2020-12-24,4,2386.926
AC-10660,2020-03-23,2020-03-23,1,143.728
AD-10180,2020-01-22,2020-12-01,4,5433.89
AF-10870,2020-04-24,2020-11-19,3,363.6
AG-10270,2020-03-27,2020-03-27,1,15.008
AG-10300,2020-09-03,2020-09-03,1,5.96
AG-10330,2020-12-10,2020-12-22,4,412.152
AG-10390,2020-09-07,2020-09-07,1,19.76
AG-10495,2020-10-13,2020-10-13,1,114.376
AG-10675,2020-06-09,2020-09-24,4,202.816
AG-10765,2020-10-14,2020-10-14,1,40.852
AG-10900,2020-05-01,2020-09-25,3,604.91
AH-10030,2020-12-18,2020-12-18,1,18.704
AH-10075,2020-04-15,2020-11-26,5,1921.001
AH-10120,2020-04-08,2020-10-31,4,815.84
AH-10195,2020-08-24,2020-11-05,2,44.446
AH-10210,2020-03-08,2020-12-24,5,3300.64
AH-10465,2020-04-02,2020-05-14,2,577.49
AH-10585,2020-07-06,2020-12-09,2,255.224
AI-10855,2020-05-05,2020-12-17,4,581.634
AJ-10780,2020-05-14,2020-10-16,2,789.366
AJ-10795,2020-07-17,2020-07-17,1,1295.025
AJ-10945,2020-08-31,2020-10-06,2,648.074
AJ-10960,2020-10-17,2020-10-17,1,10.64
AM-10360,2020-05-28,2020-12-02,2,308.722
AM-10705,2020-04-04,2020-07-21,3,2207.22
AP-10720,2020-11-19,2020-11-19,1,138.382
AP-10915,2020-04-27,2020-09-23,3,436.63
AR-10345,2020-09-08,2020-09-10,2,100.08
AR-10405,2020-05-20,2020-08-27,3,1730.644
AR-10510,2020-12-16,2020-12-16,1,10.8
AR-10540,2020-01-16,2020-12-24,2,5820.58
AR-10825,2020-07-20,2020-11-02,3,2375.348
AS-10045,2020-01-02,2020-10-03,4,2475.846
AS-10090,2020-04-01,2020-12-02,3,841.36
AS-10135,2020-11-19,2020-11-19,1,54.64
AS-10225,2020-09-17,2020-12-08,2,1851.584
AS-10240,2020-06-21,2020-06-21,1,59.176
AS-10285,2020-12-11,2020-12-11,1,116.312
AS-10630,2020-03-17,2020-09-29,3,409.142
AT-10435,2020-04-02,2020-12-09,2,1107.608
AT-10735,2020-05-19,2020-12-17,4,514.98
AW-10840,2020-09-02,2020-12-10,2,606.232
AW-10930,2020-08-31,2020-11-14,2,711.36
AY-10555,2020-12-16,2020-12-16,1,222.032
AZ-10750,2020-07-23,2020-07-23,1,121.536
BB-10990,2020-06-01,2020-09-16,2,32.28
BB-11545,2020-08-12,2020-12-02,4,4586.26
BC-11125,2020-05-19,2020-06-11,2,1395.572
BD-11320,2020-04-12,2020-11-27,4,613.864
BD-11500,2020-01-26,2020-11-25,2,3372.629
BD-11560,2020-03-27,2020-03-27,1,168.58
BD-11605,2020-09-24,2020-09-24,1,253.824
BD-11620,2020-10-22,2020-10-22,1,582.07
BD-11635,2020-12-21,2020-12-21,1,71
BD-11725,2020-04-22,2020-09-28,4,1113.87
BD-11770,2020-01-29,2020-02-06,2,245.552
BE-11335,2020-03-23,2020-09-02,3,4101.76
BE-11410,2020-01-21,2020-09-23,2,520.216
BE-11455,2020-04-20,2020-04-20,1,979.626
BF-10975,2020-09-30,2020-09-30,1,20.664
BF-11005,2020-11-21,2020-11-21,1,739.736
BF-11020,2020-04-01,2020-10-17,4,1008.782
BF-11080,2020-09-12,2020-12-05,2,258.28
BF-11170,2020-03-06,2020-12-14,2,1858.378
BF-11215,2020-03-13,2020-10-26,2,835.702
BF-11275,2020-07-10,2020-11-03,2,403.286
BG-11035,2020-08-31,2020-12-02,3,698.236
BG-11695,2020-09-23,2020-11-24,2,62.618
BG-11740,2020-04-17,2020-11-03,2,546.68
BH-11710,2020-01-14,2020-12-07,3,583.774
BK-11260,2020-09-22,2020-10-14,2,68.32
BM-11140,2020-02-26,2020-02-26,1,356.79
BM-11575,2020-04-17,2020-09-21,3,235.146
BM-11650,2020-03-24,2020-11-27,5,5683.374
BM-11785,2020-05-26,2020-05-26,1,23.08
BN-11470,2020-03-14,2020-12-06,2,60.296
BN-11515,2020-09-01,2020-12-21,2,127.41
BO-11350,2020-02-02,2020-08-15,3,1036.43
BO-11425,2020-10-16,2020-10-16,1,124.75
BP-11050,2020-03-18,2020-10-08,2,76.06
BP-11095,2020-02-20,2020-12-13,5,1238.784
BP-11155,2020-03-30,2020-10-02,3,73.675
BP-11185,2020-08-27,2020-12-29,4,1711.404
BP-11230,2020-11-21,2020-11-21,1,70.98
BP-11290,2020-01-09,2020-12-18,3,943.191
BS-11380,2020-03-12,2020-12-02,3,3284.858
BS-11590,2020-11-25,2020-11-25,1,701.96
BS-11755,2020-04-10,2020-12-29,3,506.62
BS-11800,2020-04-09,2020-04-09,1,760.8
BT-11305,2020-01-28,2020-01-28,1,277.71
BT-11395,2020-03-03,2020-03-03,1,399.672
BT-11530,2020-02-26,2020-09-30,2,2270.7
BT-11680,2020-11-20,2020-12-10,2,101.36
BV-11245,2020-01-30,2020-01-30,1,340.22
BW-11065,2020-06-01,2020-06-01,1,324.744
BW-11110,2020-01-07,2020-08-31,3,3818.532
BW-11200,2020-06-08,2020-06-10,2,28.576
CA-11965,2020-01-26,2020-09-25,2,47.078
CA-12265,2020-07-03,2020-11-04,5,1526.6572
CA-12310,2020-12-09,2020-12-17,2,590.084
CA-12775,2020-05-12,2020-09-01,2,651.67
CB-12025,2020-02-05,2020-11-13,5,1047.58
CB-12415,2020-02-24,2020-12-04,3,213.344
CB-12535,2020-03-05,2020-06-16,2,853.266
CC-12145,2020-09-15,2020-09-15,1,31.744
CC-12220,2020-05-04,2020-12-10,4,1939.696
CC-12370,2020-11-06,2020-11-17,2,227.888
CC-12430,2020-05-20,2020-12-30,4,1580.552
CC-12475,2020-08-07,2020-11-21,4,800.602
CC-12550,2020-06-15,2020-12-03,3,113.832
CC-12610,2020-11-26,2020-11-26,1,265.408
CC-12670,2020-06-18,2020-12-01,2,1216.2435
CD-11920,2020-05-26,2020-11-20,2,1572.628
CD-11980,2020-03-18,2020-11-06,2,614.982
CD-12280,2020-11-05,2020-11-18,2,1205.584
CG-12040,2020-03-19,2020-11-11,2,47.15
CG-12520,2020-01-26,2020-01-26,1,18.16
CJ-12010,2020-01-26,2020-06-24,4,5723.398
CK-12205,2020-05-12,2020-11-21,4,1578.622
CK-12325,2020-02-17,2020-09-01,2,1456.433
CK-12595,2020-01-29,2020-11-17,4,872.556
CK-12760,2020-03-28,2020-10-09,2,787.837
CL-11890,2020-06-10,2020-09-15,2,1121.722
CL-12565,2020-03-17,2020-03-21,2,1823.336
CL-12700,2020-01-28,2020-09-16,3,476.67
CM-11815,2020-03-10,2020-08-21,3,1589.904
CM-12115,2020-03-31,2020-12-22,3,1643.97
CM-12160,2020-08-18,2020-12-04,4,431.634
CM-12190,2020-08-03,2020-12-22,3,941.992
CM-12385,2020-01-03,2020-11-23,2,2271.76
CM-12655,2020-10-01,2020-12-03,2,2226.85
CP-12085,2020-01-13,2020-10-09,3,4743.258
CP-12340,2020-04-24,2020-07-23,2,126.696
CR-12580,2020-11-03,2020-11-03,1,1872.934
CR-12730,2020-10-13,2020-10-13,1,904.9
CR-12820,2020-02-17,2020-10-06,2,1384.7524
CS-11845,2020-02-11,2020-09-30,2,1235.502
CS-11860,2020-06-02,2020-07-21,3,46.64
CS-11950,2020-05-07,2020-12-05,4,561.538
CS-12175,2020-04-06,2020-05-12,2,559.138
CS-12250,2020-01-23,2020-12-04,4,580.712
CS-12355,2020-04-14,2020-12-24,6,1569.462
CS-12400,2020-04-07,2020-12-28,5,2298.2905
CS-12460,2020-07-03,2020-12-03,2,550.644
CS-12505,2020-11-02,2020-11-02,1,168.1
CT-11995,2020-06-04,2020-09-25,3,599.422
CV-12295,2020-03-25,2020-04-20,2,1252.552
CV-12805,2020-01-20,2020-12-25,7,1334.6416
CW-11905,2020-05-13,2020-12-08,2,892.26
CY-12745,2020-09-14,2020-10-31,3,1432.524
DA-13450,2020-01-12,2020-01-12,1,77.76
DB-12910,2020-03-31,2020-12-09,4,1111.507
DB-12970,2020-05-03,2020-05-03,1,832.96
DB-13060,2020-02-26,2020-12-14,3,1161.288
DB-13120,2020-01-12,2020-11-12,2,771.54
DB-13210,2020-10-07,2020-12-21,3,791.67
DB-13270,2020-06-19,2020-11-07,2,1285.887
DB-13360,2020-04-10,2020-04-10,1,386.14
DB-13405,2020-03-17,2020-06-26,2,1023.084
DB-13555,2020-03-02,2020-09-14,4,3060.9168
DB-13615,2020-05-06,2020-11-27,3,192.62
DB-13660,2020-02-28,2020-12-18,4,922.244
DC-12850,2020-06-04,2020-11-23,5,2493.886
DC-13285,2020-10-07,2020-12-07,2,390.046
DD-13570,2020-05-02,2020-11-19,3,137.984
DG-13300,2020-11-28,2020-11-28,1,2059.85
DH-13075,2020-03-28,2020-03-28,1,1435.96
DJ-13510,2020-02-11,2020-11-12,6,413.762
DJ-13630,2020-12-18,2020-12-18,1,2888.518
DK-12835,2020-04-24,2020-12-09,5,1669.73
DK-12895,2020-08-12,2020-11-15,3,1621.552
DK-12985,2020-05-05,2020-12-23,2,326.48
DK-13090,2020-02-21,2020-11-18,4,1258.446
DK-13150,2020-12-20,2020-12-20,1,364.272
DK-13225,2020-06-29,2020-12-20,2,1309.244
DK-13375,2020-07-27,2020-12-11,3,520.406
DL-12865,2020-01-19,2020-09-21,2,18.294
DL-12925,2020-11-03,2020-11-03,1,75.9
DL-13315,2020-01-03,2020-12-08,3,521.53
DL-13330,2020-11-03,2020-11-03,1,41.37
DL-13495,2020-04-30,2020-10-15,4,2123.842
Dl-13600,2020-06-08,2020-09-02,2,16.696
DM-12955,2020-09-07,2020-09-07,1,81.568
DM-13015,2020-08-24,2020-11-03,3,1506.109
DM-13345,2020-04-08,2020-12-08,2,2990.834
DN-13690,2020-05-27,2020-05-27,1,477.3
DO-13435,2020-03-31,2020-08-19,4,529.874
DO-13645,2020-08-19,2020-12-04,6,1190.676
DP-13000,2020-03-04,2020-08-26,3,242.522
DP-13105,2020-04-13,2020-12-24,4,251.802
Dp-13240,2020-06-15,2020-10-07,6,4032.761
DP-13390,2020-01-01,2020-01-06,2,37.34
DR-12880,2020-06-26,2020-12-27,4,4131.522
DR-12940,2020-08-11,2020-11-10,2,489.03
DS-13030,2020-01-21,2020-09-28,3,1590.116
DS-13180,2020-03-31,2020-12-07,2,224.4368
DV-13045,2020-06-30,2020-12-11,3,1081.883
DV-13465,2020-06-11,2020-12-01,2,1143.233
DW-13195,2020-09-22,2020-10-22,2,204.405
DW-13480,2020-05-27,2020-05-27,1,598.31
DW-13540,2020-03-06,2020-09-23,3,239.848
DW-13585,2020-02-02,2020-05-02,3,487.932
EA-14035,2020-04-30,2020-07-31,2,64.596
EB-13705,2020-05-08,2020-11-12,3,1007.164
EB-13750,2020-04-16,2020-11-25,3,919.22
EB-13840,2020-10-01,2020-10-01,1,643.52
EB-13870,2020-01-30,2020-09-21,3,475.026
EB-13930,2020-07-22,2020-07-22,1,526.344
EB-13975,2020-12-30,2020-12-30,1,34.624
EB-14110,2020-09-08,2020-09-08,1,258.528
EB-14170,2020-10-09,2020-10-09,1,10.816
EC-14050,2020-03-23,2020-11-07,3,157.36
ED-13885,2020-02-19,2020-08-17,2,201.318
EG-13900,2020-03-31,2020-12-08,3,468.972
EH-13765,2020-01-22,2020-08-17,2,1381.476
EH-13945,2020-05-22,2020-05-27,2,94.38
EH-14005,2020-06-04,2020-12-28,4,619.722
EH-14125,2020-01-30,2020-07-31,3,720.248
EH-14185,2020-09-16,2020-09-16,1,20.544
EJ-13720,2020-03-03,2020-03-03,1,1219.792
EJ-14155,2020-05-14,2020-11-03,3,513.29
EK-13795,2020-11-16,2020-11-16,1,23.36
EL-13735,2020-10-14,2020-10-14,1,37.66
EM-13810,2020-08-20,2020-08-20,1,40.29
EM-13825,2020-05-02,2020-11-05,3,1760.008
EM-13960,2020-08-01,2020-08-01,1,186.54
EM-14065,2020-06-04,2020-11-13,2,41.546
EM-14095,2020-09-08,2020-09-08,1,65.12
EM-14140,2020-11-12,2020-11-12,1,972.08
EM-14200,2020-03-26,2020-07-25,2,355.126
EN-13780,2020-03-18,2020-03-18,1,23.832
EP-13915,2020-03-03,2020-12-18,8,1603.478
ES-14020,2020-09-15,2020-11-20,2,3121.352
ES-14080,2020-02-24,2020-12-02,3,1710.252
FA-14230,2020-09-24,2020-09-24,1,1365.48
FC-14245,2020-03-06,2020-10-21,3,920.618
FC-14335,2020-02-05,2020-06-29,2,2017.084
FG-14260,2020-07-10,2020-11-26,5,637.024
FH-14275,2020-03-13,2020-11-23,6,2638.856
FH-14350,2020-02-13,2020-06-01,2,1104.038
FH-14365,2020-07-06,2020-12-25,4,481.124
FM-14215,2020-03-25,2020-12-23,3,1253.4
FM-14290,2020-07-03,2020-11-24,4,1986.19
FM-14380,2020-06-25,2020-08-07,2,228.472
FO-14305,2020-06-08,2020-11-22,4,406.42
FP-14320,2020-11-07,2020-12-07,2,382.256
FW-14395,2020-01-02,2020-01-02,1,16.59
GA-14515,2020-06-19,2020-08-03,3,624.204
GA-14725,2020-01-01,2020-12-25,5,593.558
GB-14530,2020-04-01,2020-10-29,2,174.91
GB-14575,2020-01-28,2020-12-17,2,824.28
GD-14590,2020-06-03,2020-12-25,2,1103.356
GG-14650,2020-04-23,2020-11-17,4,838.456
GH-14410,2020-02-17,2020-10-16,4,2394.411
GH-14425,2020-11-10,2020-11-10,1,111.79
GH-14665,2020-12-28,2020-12-28,1,106.0208
GK-14620,2020-09-09,2020-09-09,1,9.856
GM-14440,2020-03-26,2020-10-08,4,601.692
GM-14455,2020-08-06,2020-12-14,2,1360.158
GM-14500,2020-07-21,2020-09-15,3,375.944
GM-14680,2020-07-31,2020-07-31,1,285.576
GM-14695,2020-09-04,2020-09-04,1,1322.352
GT-14635,2020-11-04,2020-11-04,1,8167.42
GT-14710,2020-05-14,2020-11-24,4,1196.852
GT-14755,2020-05-29,2020-11-26,2,112.912
GW-14605,2020-07-29,2020-12-02,2,721.746
GZ-14470,2020-05-06,2020-12-23,3,582.19
GZ-14545,2020-03-19,2020-07-26,3,2408.362
HA-14905,2020-09-10,2020-10-22,2,879.256
HA-14920,2020-09-11,2020-12-10,2,45.272
HE-14800,2020-07-08,2020-12-18,2,598.95
HF-14995,2020-12-09,2020-12-09,1,43.85
HG-14845,2020-03-20,2020-11-06,3,713.316
HG-14965,2020-03-31,2020-12-07,3,2184.762
HG-15025,2020-06-12,2020-12-24,3,372.06
HH-15010,2020-10-19,2020-10-19,1,95.388
HJ-14875,2020-08-26,2020-08-26,1,53.72
HK-14890,2020-03-26,2020-08-01,3,2827.736
HL-15040,2020-10-03,2020-11-17,2,10522.55
HM-14860,2020-04-14,2020-12-28,5,558.432
HM-14980,2020-04-11,2020-04-27,2,162.324
HP-14815,2020-01-23,2020-11-30,2,1412.294
HR-14770,2020-01-14,2020-12-17,3,605.948
HR-14830,2020-03-24,2020-07-24,2,3124.806
HW-14935,2020-02-20,2020-09-04,5,8166.354
HZ-14950,2020-05-29,2020-11-25,4,864.64
IG-15085,2020-10-20,2020-10-20,1,199.17
IL-15100,2020-08-10,2020-08-10,1,1645.87
JA-15970,2020-03-02,2020-09-29,5,5054.209
JB-15400,2020-08-19,2020-12-23,4,854.398
JB-16000,2020-03-13,2020-11-17,5,595.6528
JB-16045,2020-12-23,2020-12-23,1,27.46
JC-15340,2020-09-07,2020-09-07,1,47.94
JC-15385,2020-07-08,2020-07-08,1,1058.108
JC-15775,2020-03-25,2020-07-25,5,1622.037
JC-16105,2020-10-23,2020-11-03,2,155.31
JD-15790,2020-06-02,2020-09-04,2,50.784
JD-16015,2020-05-15,2020-09-09,3,229.254
JD-16060,2020-03-05,2020-03-05,1,375.71
JD-16150,2020-03-25,2020-11-19,2,4508
JE-15475,2020-06-20,2020-06-20,1,201.262
JE-15610,2020-03-31,2020-11-12,4,4074.028
JE-15715,2020-06-15,2020-11-14,3,836.016
JE-15745,2020-04-16,2020-11-09,4,1823.373
JE-16165,2020-10-20,2020-12-10,2,39.438
JF-15190,2020-01-07,2020-10-26,4,1372.062
JF-15295,2020-05-15,2020-05-19,2,412.752
JF-15355,2020-02-04,2020-09-16,4,379.56
JF-15415,2020-09-11,2020-12-28,2,1954.732
JF-15490,2020-01-20,2020-08-31,4,224.976
JF-15565,2020-11-06,2020-11-06,1,831.368
JG-15160,2020-05-27,2020-12-29,3,1608.31
JG-15310,2020-11-24,2020-12-28,3,1270.606
JG-15805,2020-05-21,2020-05-21,1,538.02
JH-15430,2020-11-19,2020-12-25,3,253.609
JH-15820,2020-01-27,2020-07-09,2,422.894
JH-15910,2020-05-12,2020-11-19,3,279.347
JH-15985,2020-12-01,2020-12-01,1,376.1
JK-15205,2020-10-30,2020-10-30,1,1993.772
JK-15325,2020-03-18,2020-03-18,1,90.86
JK-15370,2020-08-07,2020-11-16,3,429.25
JK-15625,2020-10-30,2020-10-30,1,911.82
JK-15640,2020-07-03,2020-07-03,1,4150.972
JK-15730,2020-06-22,2020-10-07,4,344.242
JK-16090,2020-10-02,2020-12-02,2,2854.578
JK-16120,2020-02-17,2020-09-04,3,730.644
JL-15130,2020-04-11,2020-12-22,3,1162.316
JL-15175,2020-11-04,2020-12-24,2,860.584
JL-15235,2020-04-28,2020-09-02,2,1007.232
JL-15505,2020-05-25,2020-11-11,3,2638.95
JL-15835,2020-02-02,2020-12-09,6,5301.62
JM-15250,2020-01-01,2020-11-23,5,2660.514
JM-15265,2020-11-23,2020-11-23,1,316.32
JM-15535,2020-09-12,2020-09-19,2,40.76
JM-15580,2020-12-30,2020-12-30,1,3.024
JM-15655,2020-10-27,2020-12-22,2,388.516
JM-15865,2020-05-16,2020-09-12,2,387.464
JM-16195,2020-08-12,2020-11-03,3,765.852
JO-15145,2020-01-16,2020-11-03,3,1098.465
JO-15280,2020-09-29,2020-09-29,1,243.92
JO-15550,2020-04-16,2020-05-29,2,64.29
JP-15460,2020-02-13,2020-11-23,2,266.421
JP-15520,2020-12-08,2020-12-22,2,1824.184
JP-16135,2020-02-20,2020-09-19,3,65.342
JR-15700,2020-10-23,2020-10-23,1,863.88
JR-16210,2020-09-19,2020-11-27,2,1353.832
JS-15595,2020-09-02,2020-09-02,1,257.508
JS-15685,2020-06-19,2020-11-18,2,693.724
JS-16030,2020-02-16,2020-12-02,3,1047.998
JW-15220,2020-10-02,2020-11-18,4,5384.548
JW-15955,2020-04-21,2020-12-25,5,895.318
KA-16525,2020-05-30,2020-11-24,3,837.888
KB-16240,2020-07-11,2020-12-26,3,2803.402
KB-16315,2020-03-09,2020-03-09,1,510.824
KB-16405,2020-09-03,2020-09-04,2,753.661
KB-16585,2020-03-12,2020-05-14,2,574.52
KB-16600,2020-11-13,2020-12-29,3,877.846
KC-16540,2020-09-24,2020-09-24,1,103.056
KC-16675,2020-05-26,2020-11-03,2,681.196
KD-16345,2020-06-17,2020-11-19,2,83.28
KD-16495,2020-01-24,2020-09-09,3,530.41
KD-16615,2020-03-02,2020-03-16,2,648.582
KE-16420,2020-11-13,2020-12-04,2,279.1432
KF-16285,2020-03-13,2020-09-24,5,5825.462
KH-16330,2020-06-19,2020-11-20,3,1568.924
KH-16360,2020-04-03,2020-12-29,2,1840.152
KH-16510,2020-10-28,2020-12-08,2,4021.235
KH-16630,2020-09-10,2020-11-02,4,278.97
KH-16690,2020-06-15,2020-12-28,2,845.8
KL-16555,2020-07-21,2020-12-14,3,2185.33
KL-16645,2020-04-09,2020-11-13,3,570.388
KM-16225,2020-11-02,2020-12-16,3,468.878
KM-16375,2020-02-20,2020-11-04,2,887.29
KM-16660,2020-12-15,2020-12-15,1,273.926
KM-16720,2020-12-02,2020-12-02,1,1271.17
KN-16390,2020-04-21,2020-12-11,5,987.99
KN-16450,2020-11-08,2020-11-08,1,274.2
KN-16705,2020-06-11,2020-09-23,3,1296.27
KS-16300,2020-03-10,2020-03-10,1,61.876
KT-16480,2020-04-29,2020-09-21,5,318.8564
KW-16435,2020-07-31,2020-09-25,2,598.818
LA-16780,2020-07-29,2020-07-29,1,127.688
LB-16735,2020-04-26,2020-11-12,2,28.708
LB-16795,2020-05-09,2020-07-31,2,1678.49
LC-16870,2020-03-27,2020-12-03,3,1315.056
LC-16885,2020-06-12,2020-12-14,3,1124.436
LC-16930,2020-06-10,2020-11-19,3,460.88
LC-17050,2020-09-09,2020-11-06,2,328.56
LC-17140,2020-09-09,2020-12-17,4,1269.856
LE-16810,2020-05-22,2020-12-09,2,650.69
LF-17185,2020-02-16,2020-12-08,2,256.75
LH-16750,2020-04-25,2020-08-01,2,280.856
LH-16900,2020-07-23,2020-12-09,2,315.286
LH-17020,2020-05-05,2020-05-05,1,120.783
LL-16840,2020-02-17,2020-04-25,2,121.554
LO-17170,2020-05-28,2020-12-28,3,421.4
LP-17080,2020-05-11,2020-11-20,2,227.718
LP-17095,2020-01-30,2020-12-21,4,2738.787
LR-16915,2020-12-04,2020-12-04,1,649
LR-17035,2020-07-23,2020-08-20,2,393.06
LS-16945,2020-01-12,2020-07-05,3,476.154
LS-16975,2020-11-12,2020-12-10,3,1362.6
LS-17200,2020-06-17,2020-09-25,3,237.188
LS-17245,2020-11-26,2020-11-26,1,164.34
LT-16765,2020-12-04,2020-12-04,1,74.352
LT-17110,2020-09-14,2020-11-26,2,291.702
LW-16825,2020-10-03,2020-10-03,1,20.64
LW-16990,2020-03-09,2020-11-27,5,1538.7
LW-17125,2020-06-08,2020-06-08,1,10.36
LW-17215,2020-04-11,2020-12-09,3,308.406
MA-17560,2020-10-19,2020-10-27,3,109.24
MA-17995,2020-06-27,2020-06-27,1,191.646
MB-17305,2020-06-24,2020-11-12,4,566.696
MB-18085,2020-04-25,2020-11-16,3,849.043
MC-17275,2020-10-15,2020-10-15,1,14.73
MC-17575,2020-02-03,2020-12-03,3,633.777
MC-17590,2020-11-09,2020-11-09,1,163.55
MC-17605,2020-01-23,2020-09-09,4,658.404
MC-17635,2020-06-24,2020-06-24,1,193.266
MC-17845,2020-11-10,2020-12-29,3,2105.222
MC-18100,2020-09-02,2020-11-19,3,845.862
MD-17350,2020-03-10,2020-09-04,3,1031.104
MD-17860,2020-05-28,2020-11-24,4,1090.126
ME-17320,2020-03-30,2020-11-18,5,874.408
ME-17725,2020-02-19,2020-12-02,4,1607.8252
ME-18010,2020-09-29,2020-09-29,1,51.168
MF-18250,2020-12-23,2020-12-23,1,1152.87
MG-17650,2020-03-16,2020-12-01,4,1738.354
MG-17680,2020-06-08,2020-09-29,2,2208.316
MG-17875,2020-09-05,2020-09-05,1,147.184
MG-17890,2020-03-07,2020-09-22,5,330.242
MG-18145,2020-07-27,2020-10-07,2,1415.606
MG-18205,2020-04-10,2020-04-10,1,16.739
MH-17290,2020-03-11,2020-09-02,2,1689.708
MH-17455,2020-02-13,2020-10-06,3,530.73
MH-17620,2020-07-28,2020-07-28,1,1170.564
MH-17785,2020-09-23,2020-09-23,1,9.248
MH-18025,2020-02-25,2020-11-11,3,1632.218
MH-18115,2020-01-21,2020-12-25,8,4086.789
MJ-17740,2020-03-11,2020-12-08,2,993.156
MK-17905,2020-06-16,2020-12-02,3,89.92
MK-18160,2020-05-03,2020-05-04,2,678.74
ML-17395,2020-02-09,2020-10-22,2,85.5
ML-17410,2020-01-20,2020-11-06,4,2008.53
ML-17755,2020-04-06,2020-12-01,6,1913.104
ML-18040,2020-03-26,2020-10-12,3,742.082
ML-18265,2020-09-21,2020-09-21,1,151.96
MM-17260,2020-02-11,2020-07-15,2,484.561
MM-17920,2020-01-30,2020-12-23,4,242.996
MM-18055,2020-05-08,2020-10-30,4,1678.757
MM-18280,2020-06-10,2020-10-06,3,84.38
MN-17935,2020-02-10,2020-11-26,3,1867.338
MO-17500,2020-10-19,2020-10-19,1,91.275
MO-17800,2020-04-22,2020-09-17,5,1425.665
MO-17950,2020-07-03,2020-07-03,1,24
MP-17965,2020-07-07,2020-10-19,2,341.26
MP-18175,2020-02-10,2020-12-14,3,460.709
MR-17545,2020-07-08,2020-08-27,2,501.578
MS-17365,2020-04-01,2020-04-01,1,127.46
MS-17770,2020-08-31,2020-08-31,1,193.95
MS-17980,2020-12-04,2020-12-04,1,588.008
MT-17815,2020-03-13,2020-11-11,2,335.38
MT-18070,2020-06-10,2020-06-10,1,823.725
MV-17485,2020-02-06,2020-12-03,4,1081.922
MV-18190,2020-12-11,2020-12-11,1,63.34
MW-18220,2020-12-13,2020-12-13,1,31.44
MW-18235,2020-11-16,2020-11-16,1,1919.976
MY-17380,2020-03-02,2020-12-01,5,1374.217
MY-18295,2020-05-04,2020-10-20,3,151.638
MZ-17335,2020-03-26,2020-11-30,2,45.66
MZ-17515,2020-03-23,2020-03-23,1,347.58
NB-18655,2020-10-27,2020-12-11,3,218.987
NC-18340,2020-05-20,2020-05-20,1,891.53
NC-18415,2020-11-19,2020-11-19,1,1729.286
NC-18535,2020-04-01,2020-12-24,4,5773.145
NC-18625,2020-04-09,2020-06-09,2,824.24
ND-18370,2020-03-19,2020-12-03,4,1094.865
ND-18460,2020-05-19,2020-06-30,3,2459.1
NF-18385,2020-07-16,2020-10-12,3,1782.096
NF-18595,2020-08-18,2020-09-07,2,396.108
NG-18355,2020-02-16,2020-11-12,3,1249.056
NG-18430,2020-11-12,2020-11-12,1,779.16
NH-18610,2020-02-19,2020-06-24,3,2248.14
NK-18490,2020-06-18,2020-10-21,4,233.418
NL-18310,2020-11-02,2020-11-02,1,1158.882
NM-18445,2020-07-23,2020-07-23,1,13.92
NM-18520,2020-04-30,2020-04-30,1,5.76
NP-18325,2020-12-05,2020-12-05,1,92.94
NP-18670,2020-10-12,2020-11-02,2,2353.94
NP-18700,2020-06-26,2020-08-14,2,454.368
NR-18550,2020-06-03,2020-06-03,1,1111.698
NS-18505,2020-01-19,2020-12-24,3,2048.639
NS-18640,2020-04-15,2020-07-09,3,167.18
NW-18400,2020-07-11,2020-07-11,1,30.32
NZ-18565,2020-04-30,2020-10-06,3,482.036
OT-18730,2020-06-26,2020-10-26,2,692.19
PA-19060,2020-09-18,2020-09-18,1,114.848
PB-18805,2020-12-05,2020-12-05,1,497.044
PB-19105,2020-09-22,2020-11-03,2,71.676
PB-19150,2020-09-24,2020-09-24,1,199.8
PC-18745,2020-12-28,2020-12-28,1,1.188
PF-19165,2020-06-17,2020-06-17,1,169.28
PF-19225,2020-09-02,2020-09-07,2,569.222
PG-18820,2020-09-29,2020-11-24,3,366.99
PG-18895,2020-06-13,2020-11-03,4,780.25
PH-18790,2020-10-21,2020-10-21,1,729.648
PJ-18835,2020-05-19,2020-11-21,3,116.912
PJ-19015,2020-05-14,2020-08-18,3,1432.586
PK-19075,2020-03-05,2020-12-21,5,5979.136
PL-18925,2020-04-16,2020-12-15,3,89.705
PM-19135,2020-11-09,2020-11-09,1,691.144
PN-18775,2020-04-23,2020-11-30,4,791.97
PO-18850,2020-07-06,2020-12-26,5,5308.107
PO-18865,2020-05-28,2020-12-30,4,1139.462
PO-19180,2020-03-17,2020-07-23,3,483.618
PO-19195,2020-10-05,2020-10-05,1,236.722
PP-18955,2020-05-18,2020-09-24,2,1264.53
PR-18880,2020-08-21,2020-11-24,2,1527.93
PS-18760,2020-04-17,2020-09-14,2,1079.959
PS-18970,2020-03-21,2020-10-22,3,481.476
PS-19045,2020-01-21,2020-05-08,3,3760.924
PT-19090,2020-07-21,2020-10-20,2,61.936
PV-18985,2020-03-11,2020-10-02,2,1777.86
PW-19030,2020-03-21,2020-11-14,4,1607.694
QJ-19255,2020-04-30,2020-12-05,2,896.506
RA-19285,2020-06-30,2020-12-25,4,1290.69
RA-19885,2020-09-26,2020-11-17,3,1511.296
RA-19915,2020-08-18,2020-12-18,2,514.673
RA-19945,2020-06-17,2020-10-30,2,467.742
RB-19330,2020-10-23,2020-10-23,1,337.818
RB-19360,2020-03-23,2020-09-25,3,14203.278
RB-19435,2020-11-19,2020-12-11,2,821.89
RB-19465,2020-06-22,2020-12-21,4,700.69
RB-19570,2020-01-14,2020-12-05,2,229.394
RB-19705,2020-09-14,2020-11-06,2,1775.872
RB-19795,2020-05-13,2020-11-28,3,3752.24
RC-19960,2020-09-11,2020-09-11,1,34.504
RD-19480,2020-05-20,2020-10-19,3,2172.196
RD-19585,2020-01-29,2020-07-03,3,261.108
RD-19660,2020-09-07,2020-09-07,1,1577.94
RD-19720,2020-03-20,2020-12-09,3,392.448
RD-19810,2020-02-03,2020-12-16,3,750.724
RD-19900,2020-09-07,2020-09-07,1,317.624
RD-19930,2020-04-10,2020-11-18,2,289.074
RE-19450,2020-03-03,2020-03-03,1,26.88
RF-19735,2020-07-29,2020-10-02,2,1211.39
RF-19840,2020-04-16,2020-12-24,2,49.62
RH-19495,2020-08-12,2020-11-28,3,129.664
RK-19300,2020-09-02,2020-09-02,1,12.192
RL-19615,2020-04-25,2020-08-31,4,1968.923
RM-19375,2020-01-19,2020-01-19,1,637.18
RM-19675,2020-12-24,2020-12-24,1,2970.432
RM-19750,2020-03-06,2020-03-06,1,98.35
RO-19780,2020-09-24,2020-11-25,2,1772.306
RP-19390,2020-04-21,2020-11-27,2,120.042
RP-19855,2020-05-27,2020-12-02,2,141.76
RR-19315,2020-12-11,2020-12-11,1,608.552
RR-19525,2020-07-13,2020-07-13,1,373.94
RS-19420,2020-01-08,2020-10-15,3,1971.87
RS-19765,2020-03-02,2020-11-24,5,2128.808
RS-19870,2020-12-11,2020-12-11,1,12.68
RW-19540,2020-05-07,2020-09-01,4,6193.446
RW-19630,2020-04-13,2020-10-02,2,967.19
RW-19690,2020-01-15,2020-10-12,4,3492.364
SA-20830,2020-03-19,2020-10-28,5,1216.506
SB-20170,2020-02-09,2020-06-12,2,1309.448
SB-20185,2020-06-12,2020-06-25,2,492.2
SB-20290,2020-09-09,2020-11-13,2,1410.339
SC-20050,2020-04-11,2020-11-20,4,418.12
SC-20095,2020-01-15,2020-01-15,1,12.7
SC-20230,2020-08-03,2020-08-03,1,16.06
SC-20260,2020-03-31,2020-06-26,2,946.788
SC-20305,2020-04-23,2020-12-01,4,762.833
SC-20380,2020-02-03,2020-11-30,5,5259.486
SC-20440,2020-09-22,2020-11-24,3,502.688
SC-20575,2020-06-24,2020-09-29,3,204.426
SC-20680,2020-08-26,2020-08-26,1,71.98
SC-20695,2020-08-10,2020-10-02,2,214.408
SC-20725,2020-01-01,2020-06-26,3,1459.68
SC-20770,2020-03-02,2020-11-19,2,769.09
SC-20800,2020-06-15,2020-11-30,2,6.628
SC-20845,2020-08-21,2020-08-21,1,266.52
SD-20485,2020-04-15,2020-06-13,2,703.758
SE-20110,2020-03-13,2020-12-21,4,1545.758
SF-20065,2020-07-16,2020-11-01,2,302.062
SF-20200,2020-07-21,2020-11-01,3,2909.234
SF-20965,2020-08-11,2020-11-12,3,237.343
SG-20080,2020-12-22,2020-12-22,1,839.43
SG-20470,2020-06-30,2020-06-30,1,1044.63
SG-20605,2020-04-25,2020-09-13,2,123.89
SG-20890,2020-05-18,2020-05-18,1,17.798
SH-19975,2020-03-06,2020-12-01,5,907.908
SH-20395,2020-03-07,2020-12-07,6,341.577
SJ-20125,2020-03-23,2020-09-26,7,2337.788
SJ-20215,2020-04-20,2020-12-01,3,964.8
SJ-20500,2020-04-21,2020-04-21,1,97.264
SK-19990,2020-04-23,2020-12-22,2,876.249
SL-20155,2020-09-26,2020-10-21,2,1704.254
SM-20320,2020-07-09,2020-10-12,2,534.418
SM-20950,2020-05-30,2020-12-05,3,1108.02
SN-20560,2020-02-06,2020-09-10,2,792.494
SN-20710,2020-10-12,2020-10-12,1,254.604
SO-20335,2020-01-14,2020-12-01,4,828.056
SP-20545,2020-02-06,2020-02-06,1,273.7
SP-20620,2020-08-27,2020-11-13,4,3136.667
SP-20860,2020-03-04,2020-10-12,3,74.922
SP-20920,2020-03-16,2020-10-21,2,339.033
SR-20425,2020-04-17,2020-12-22,4,3020.541
SR-20740,2020-06-17,2020-06-17,1,3505.84
SS-20140,2020-04-30,2020-12-15,5,1157.62
SS-20410,2020-09-10,2020-09-11,2,212.66
SS-20875,2020-09-01,2020-09-01,1,42.91
ST-20530,2020-06-20,2020-08-27,2,50.688
SU-20665,2020-03-13,2020-12-10,3,2259.622
SV-20365,2020-07-18,2020-09-20,4,8459.936
SV-20785,2020-02-13,2020-02-13,1,35.73
SV-20815,2020-10-15,2020-10-15,1,11.68
SV-20935,2020-04-24,2020-12-28,5,1617.463
SW-20245,2020-02-25,2020-10-10,2,668.062
SW-20275,2020-03-18,2020-11-30,4,1058.7
SW-20350,2020-07-21,2020-07-21,1,466.814
SW-20455,2020-07-17,2020-07-21,2,299.892
SZ-20035,2020-01-30,2020-11-25,5,1555.162
TA-21385,2020-04-04,2020-10-22,2,13723.498
TB-21055,2020-03-21,2020-09-02,3,263.016
TB-21175,2020-11-02,2020-11-02,1,3291.07
TB-21190,2020-11-10,2020-11-11,2,42.72
TB-21250,2020-01-15,2020-01-15,1,147.636
TB-21355,2020-05-18,2020-08-06,2,640.146
TB-21400,2020-03-30,2020-06-11,2,890.28
TB-21520,2020-07-23,2020-09-14,2,92.562
TB-21595,2020-03-20,2020-03-20,1,2.91
TB-21625,2020-05-25,2020-11-30,3,1929.166
TC-21145,2020-09-15,2020-09-15,1,1038.26
TC-21295,2020-05-06,2020-12-03,5,1237.898
TC-21475,2020-04-02,2020-07-30,3,891.948
TC-21535,2020-12-07,2020-12-26,2,53.172
TD-20995,2020-04-23,2020-11-23,6,173.444
TG-21310,2020-01-27,2020-01-27,1,137.94
TG-21640,2020-09-07,2020-09-07,1,248.82
TH-21100,2020-01-20,2020-01-20,1,160.776
TH-21115,2020-11-02,2020-11-02,1,891.504
TH-21235,2020-05-28,2020-09-04,3,655.145
TH-21550,2020-06-26,2020-10-19,3,2592.048
TM-21010,2020-01-20,2020-09-18,3,536.336
TM-21490,2020-03-30,2020-08-22,3,1094.678
TN-21040,2020-10-01,2020-10-01,1,104.75
TP-21130,2020-01-24,2020-12-22,3,2840.65
TP-21415,2020-02-09,2020-09-17,3,4826.878
TP-21565,2020-01-14,2020-01-14,1,337.688
TR-21325,2020-06-20,2020-06-20,1,249.79
TS-21085,2020-01-07,2020-01-07,1,2.808
TS-21205,2020-06-15,2020-06-15,1,2942.784
TS-21340,2020-05-18,2020-05-18,1,17.608
TS-21370,2020-05-11,2020-11-24,3,6702.293
TS-21430,2020-07-11,2020-07-11,1,101.752
TS-21505,2020-07-03,2020-12-19,4,868.946
TS-21610,2020-06-12,2020-11-05,4,1657.308
TS-21655,2020-01-02,2020-05-06,2,1475.69
TT-21070,2020-11-13,2020-11-29,2,3813.166
TT-21220,2020-03-18,2020-06-30,2,742.494
TT-21460,2020-01-15,2020-12-18,5,3261.744
TW-21025,2020-06-13,2020-10-27,3,342.4
TZ-21580,2020-11-25,2020-11-25,1,5.16
VB-21745,2020-03-08,2020-11-06,2,674.32
VF-21715,2020-05-22,2020-12-17,3,174.356
VG-21790,2020-01-29,2020-07-29,3,327.666
VG-21805,2020-03-19,2020-03-19,1,8.94
VM-21685,2020-03-16,2020-11-06,3,762.138
VM-21835,2020-09-04,2020-09-04,1,14.82
VP-21730,2020-06-30,2020-11-30,2,974.902
VP-21760,2020-10-16,2020-10-16,1,1893.786
VS-21820,2020-05-23,2020-05-23,1,171.288
VW-21775,2020-02-11,2020-12-02,3,1947.076
WB-21850,2020-06-29,2020-12-10,3,1237.733
XP-21865,2020-10-06,2020-11-17,4,449.312
YC-21895,2020-12-26,2020-12-26,1,750.68
YS-21880,2020-04-13,2020-12-21,5,5340.264
ZC-21910,2020-05-11,2020-11-06,4,227.066
ZD-21925,2020-06-11,2020-06-11,1,61.44
